m112             ,m122             ,m222             ,lam1              ,lam2             ,lam3              ,lam4             ,lam5               ,mu ,nvev1            ,nvev2            ,nvev3                ,cbvev1           ,cbvev2           ,cbvev3
-37671.4492110924,18.6171192203936 ,-54826.3184434737,1.00130978760505  ,2.03995952225388 ,1.45298311998785  ,0.75603741978184 ,-0.747772841695427 ,246,12.0436228128821 ,231.448441866394 ,-4.20283591257209e-15,-228.5316061885  ,-26.1619698583636,158.492785251554
-84707.2908448703,9901.96067383086 ,-38836.6914041247,6.21221295633659  ,1.2795764663502  ,2.87199409882396  ,1.93937630303314 ,-0.3155619280724   ,246,-49.3715740526099,-240.994704662919,-1.54794498817601e-17,151.706069274099 ,77.0465479661658 ,-45.2367038214384
-47340.5533531486,820.086084408804 ,-6560.57732272387,14.2011609393841  ,0.19849483104113 ,1.79038235957179  ,0.169364577939337,0.0664382262534389 ,246,-30.6315744596411,-244.085449476456,-1.46639771754225e-15,-64.1383455667064,-112.701819473217,-48.9974062784072
-51605.0373597437,-346.244338075769,-14442.8395006113,6.82213607412504  ,0.464507174768933,1.8510670522584   ,0.232229727124381,-0.152557394738172 ,246,-28.315266726784 ,244.364984541957 ,0                    ,-115.542222767602,79.530345932613  ,36.1381522003716
-57020.3077159325,-1844.90194700729,-8482.60938009258,10.9034622369056  ,0.190605279351665,1.52079496576922  ,0.698272913266523,-0.449872331865505 ,246,60.5443060793984 ,-250.110350760558,1.8010864646995e-16  ,87.3259929068367 ,-175.790314737708,-9.09063310829083
-2742.29239954254,-332.323523343439,-57581.4539243736,0.0162774949043934,4.57376205624749 ,0.256702270539633 ,0.763088685260375,-0.740721898953416 ,246,192.740595956299 ,-152.862888466791,0                    ,-231.419586007603,140.045229225799 ,236.968273173209
6627.4008062102  ,-20868.2306616267,-55855.6640871761,0.0118390553910874,2.6465116990989  ,-0.264369449490996,1.54476322825389 ,-0.0179721231260801,246,-127.987751343104,210.083639310956 ,0                    ,-102.247415831883,262.354296385893 ,-545.319462408878