m112             ,m122             ,m222             ,lam1             ,lam2             ,lam3            ,lam4             ,lam5              ,yt               ,mu ,nvev1            ,nvev2            ,nvev3,cbvev1           ,cbvev2          ,cbvev3
-68565.417571077 ,212.879551931601 ,-25472.8371733382,6.82033686923365 ,0.84217650859847 ,2.52068856888243,0.795114747809148,-0.640248307167735,0.995310366281959,246,9.62297558376271 ,245.811713189006 ,0    ,-83.4733492946056,-33.086784045566,116.283964204495
-71796.9399585924,15349.2950470427 ,-19890.4395875154,8.80366008885632 ,0.609849373856666,2.4463533931562 ,2.49357236482929 ,0.409117866515633 ,1.00976199528439 ,246,42.5414421220614 ,242.293676562504 ,0    ,95.4517034457062 ,106.393910186878,-70.9092173904561
-33139.1474111545,-11916.0556352278,-46619.7773302915,0.844547585518037,1.56417455585623 ,1.17425614197188,2.4942341409232  ,-0.730471565465447,1.02082811622525 ,246,-55.4586883724223,239.667131421917 ,0    ,-144.434959678494,92.7333364603854,222.443521860938
-79647.9652260663,-10935.9596733177,-46959.9047716612,4.66276549410099 ,1.55669999701375 ,2.75192169795235,3.3123172692431  ,-0.67176498677171 ,1.00332445365813 ,246,32.4655880042638 ,-243.848283970869,0    ,-61.1920848820431,128.004420186592,149.063180570237