m112             ,m122             ,m222             ,lam1               ,lam2             ,lam3              ,lam4             ,lam5              ,mu ,nvev1            ,nvev2            ,nvev3                ,cbvev1           ,cbvev2           ,cbvev3
-101447.783760985,-449.514971979319,-12411.170183795 ,34.1580235647676   ,0.476023196775748,4.20930223499223  ,0.319602527216161,-0.212177478567262,246,70.1698502030517 ,-72.3839337565902,-2.13608252293826e-15,63.9890389248391 ,-127.739792320318,-17.6255174129345
-318375.495368423,-740.244227668975,-34245.1950607825,136.731427836568   ,1.13630249222071 ,9.51316808886595  ,0.681221251200378,-0.490070984247684,246,-4.6618465159029 ,217.460126890217 ,-8.13236013500878e-17,20.4658921041751 ,-243.25424014511 ,-23.3402509390018
-33864.1391576531,-3070.94670506834,-41013.0935488885,1.00316885843928   ,1.40841859146689 ,1.20281916766192  ,0.856391844059036,-0.59751646871684 ,246,109.046818575315 ,-220.510297624855,0                    ,217.619087914644 ,-111.663111521086,-89.6285869314626
-17503.949085905 ,108.064997921964 ,-46452.0172012204,0.260334473858173  ,1.74588123607284 ,0.676014874712105 ,0.41377155952603 ,-0.402996552199329,246,-107.405353637142,-221.314459559425,0                    ,168.992384169703 ,143.139399782779 ,242.419573115546
-1995.70590548413,-1668.24766021852,-60447.5353590802,0.00144493274338578,2.34342151329073 ,0.0987766503878183,0.783901423765668,-0.632628094956356,246,95.1920677507232 ,-226.835778124488,0                    ,-117.444404260502,189.840055721547 ,-586.939973257584
-7341.66827478995,-5.66876225601626,-46460.0591668927,0.0561834713408617 ,1.88085972674738 ,0.312602932088109 ,0.627561412655485,-0.625593837510824,246,243.3607838348   ,-200.671540841378,7.96728374222901e-12 ,179.262584394631 ,-199.281717880719,-174.925978758929